{"cameraMode":{"drawMode":0,"name":"Shaded","section":"Shading Mode"},"sceneLighting":true,"audioPlay":false,"sceneViewState":{"m_AlwaysRefresh":false,"showFog":true,"showSkybox":true,"showFlares":true,"showImageEffects":true,"showParticleSystems":true,"showVisualEffectGraphs":true,"m_FxEnabled":true},"in2DMode":false,"pivot":{"x":3.2156214714050295,"y":-23.004989624023439,"z":28.912673950195314},"rotation":{"x":0.36763322353363039,"y":-0.03904702514410019,"z":0.015451066195964814,"w":0.9290271997451782},"size":59.38882827758789,"orthographic":false}